{
    "cycles_program_begin": 634967717398551,
    "stat": {
        "peak_mem_kb": 195336,
        "CodeGen(%)": 34.73948423140763,
        "ru_self_cgstart": {
            "ru_utime_sec": 0.086304000000000006,
            "ru_stime_sec": 0.046162000000000002,
            "ru_minflt": 22287,
            "ru_maxrss_kb": 58192,
            "ru_majflt": 0,
            "ru_nvcsw": 48,
            "ru_nivcsw": 34
        },
        "nQuads": 2344,
        "outputSizePerQuad": 52.44283276450512,
        "ru_childs_cgstart": {
            "ru_utime_sec": 0.010416,
            "ru_stime_sec": 0.014524,
            "ru_minflt": 4272,
            "ru_maxrss_kb": 8600,
            "ru_majflt": 0,
            "ru_nvcsw": 8,
            "ru_nivcsw": 18
        },
        "ru_self_end": {
            "ru_utime_sec": 0.13779,
            "ru_stime_sec": 0.053304999999999998,
            "ru_minflt": 25238,
            "ru_maxrss_kb": 67020,
            "ru_majflt": 0,
            "ru_nvcsw": 49,
            "ru_nivcsw": 38
        },
        "cpu_cycles_cgstart": 634986927149546,
        "realTime": 5.9113589928019792,
        "cpu_cycles_end": 634987129929825,
        "nMops": 6095,
        "totalObjSize": 122926,
        "ru_childs_end": {
            "ru_utime_sec": 0.010416,
            "ru_stime_sec": 0.017468000000000001,
            "ru_minflt": 4862,
            "ru_maxrss_kb": 11068,
            "ru_majflt": 0,
            "ru_nvcsw": 9,
            "ru_nivcsw": 20
        },
        "cpu_cycles_total": 19412531274,
        "mopSpeed": 118381.6959950278,
        "quadSpeed": 45526.939362156714,
        "Frontend(%)": 65.26051576859237,
        "mop/quad": 2.6002559726962455
    },
    "NameTable": {
        "fsdbDumpDesign$$": [
            "fsdbDumpDesign0x240x24",
            "cfx32",
            "module",
            1
        ],
        "_vcs_unit__2466078823": [
            "_vcs_unit__2466078823",
            "qW83K",
            "module",
            2
        ],
        "std": [
            "std",
            "reYIK",
            "module",
            3
        ],
        "testfixture": [
            "testfixture",
            "JRBuQ",
            "module",
            4
        ],
        "...MASTER...": [
            "SIM",
            "amcQw",
            "module",
            5
        ]
    },
    "perf": [
        {
            "stat": [
                "main",
                "entry",
                0.015427992795594037,
                0.023448,
                0.016608999999999999,
                178208,
                178208,
                0.0,
                0.0,
                1614955055.8750191,
                634967717726451
            ],
            "sub": [
                {
                    "stat": [
                        "doParsingAndDesignResolution",
                        "entry",
                        5.7478959927102551,
                        0.030945,
                        0.024955999999999999,
                        178724,
                        179524,
                        0.0,
                        0.0,
                        1614955061.607487,
                        634986592045452
                    ],
                    "sub": []
                },
                {
                    "stat": [
                        "doParsingAndDesignResolution",
                        "exit",
                        5.7644759927643463,
                        0.042653999999999997,
                        0.029759000000000001,
                        179900,
                        180548,
                        0.0,
                        0.0,
                        1614955061.6240671,
                        634986646654908
                    ],
                    "sub": []
                },
                {
                    "stat": [
                        "doPostDesignResolutionToVir2Vcs",
                        "entry",
                        5.7645659927511588,
                        0.042708000000000003,
                        0.029796,
                        179900,
                        180548,
                        0.0,
                        0.0,
                        1614955061.624157,
                        634986646878714
                    ],
                    "sub": [
                        {
                            "stat": [
                                "doUptoVir2VcsNoSepCleanup",
                                "entry",
                                5.7736289927270263,
                                0.049466000000000003,
                                0.032100999999999998,
                                180824,
                                180828,
                                0.0,
                                0.0,
                                1614955061.63322,
                                634986676750332
                            ],
                            "sub": []
                        },
                        {
                            "stat": [
                                "doUptoVir2VcsNoSepCleanup",
                                "exit",
                                5.8423449927940965,
                                0.081703999999999999,
                                0.043374000000000003,
                                182572,
                                195336,
                                0.010416,
                                0.014524,
                                1614955061.701936,
                                634986903007390
                            ],
                            "sub": []
                        },
                        {
                            "stat": [
                                "doRadify_vir2vcsAll",
                                "entry",
                                5.8424339927732944,
                                0.081703999999999999,
                                0.043464000000000003,
                                182572,
                                195336,
                                0.010416,
                                0.014524,
                                1614955061.7020249,
                                634986903246970
                            ],
                            "sub": []
                        },
                        {
                            "stat": [
                                "doRadify_vir2vcsAll",
                                "exit",
                                5.8480039928108454,
                                0.085482000000000002,
                                0.045254999999999997,
                                183192,
                                195336,
                                0.010416,
                                0.014524,
                                1614955061.7075951,
                                634986921605382
                            ],
                            "sub": []
                        }
                    ]
                },
                {
                    "stat": [
                        "doPostDesignResolutionToVir2Vcs",
                        "exit",
                        5.8480609927792102,
                        0.085519999999999999,
                        0.045275000000000003,
                        183192,
                        195336,
                        0.010416,
                        0.014524,
                        1614955061.7076521,
                        634986921734374
                    ],