{
    "Modules": {
        "...MASTER...": {
            "nQuads": 0,
            "start_perf": [
                7.0472129504196346,
                0.111551,
                0.047662000000000003,
                181712,
                195336,
                1614957027.4964769,
                641459331054296
            ],
            "nRouts": 5,
            "child_modules": {
                "_vcs_unit__2466078823": 1,
                "std": 1,
                "fsdbDumpDesign$$": 1,
                "testfixture": 1
            },
            "end_perf": [
                7.0530009504873306,
                0.111551,
                0.050334999999999998,
                182892,
                195336,
                641459350149932,
                0,
                0
            ],
            "nMops": 0
        },
        "testfixture": {
            "nQuads": 1984,
            "start_perf": [
                7.0751479504397139,
                0.12740199999999999,
                0.056623,
                187388,
                195336,
                1614957027.5244119,
                641459423016391
            ],
            "nRouts": 98,
            "Compiled Times": 4,
            "child_modules": {},
            "nMops": 5567,
            "Compiled": "Yes",
            "end_perf": [
                7.108334950520657,
                0.15962000000000001,
                0.057584000000000003,
                188196,
                195336,
                641459532335299,
                12884901889,
                0
            ]
        },
        "fsdbDumpDesign$$": {
            "nQuads": 11,
            "start_perf": [
                7.0531049504643306,
                0.111551,
                0.050429000000000002,
                182892,
                195336,
                1614957027.5023689,
                641459350454274
            ],
            "nRouts": 8,
            "Compiled Times": 4,
            "child_modules": {},
            "nMops": 8,
            "Compiled": "Yes",
            "end_perf": [
                7.0545489505166188,
                0.11165600000000001,
                0.051768000000000002,
                182904,
                195336,
                641459355217301,
                0,
                0
            ]
        },
        "std": {
            "nQuads": 218,
            "start_perf": [
                7.0724029504926875,
                0.125579,
                0.0557,
                187388,
                195336,
                1614957027.521667,
                641459414003788
            ],
            "nRouts": 33,
            "Compiled Times": 4,
            "child_modules": {},
            "Compiled": "Yes",
            "nMops": 403,
            "end_perf": [
                7.075094950501807,
                0.12736500000000001,
                0.056605999999999997,
                187388,
                195336,
                641459422871327,
                8589934594,
                0
            ],
            "svclass": [
                "$vcs_nba_dyn_obj",
                0,
                27,
                2,
                2,
                0,
                "sigprop$$",
                0,
                27,
                2,
                2,
                0,
                "process",
                0,
                155,
                8,
                8,
                0,
                "event",
                0,
                26,
                2,
                2,
                0,
                "mailbox",
                0,
                104,
                9,
                9,
                0,
                "semaphore",
                0,
                64,
                5,
                5,
                0
            ]
        },
        "_vcs_unit__2466078823": {
            "nQuads": 212,
            "start_perf": [
                7.0545969504164532,
                0.111689,
                0.051783000000000003,
                182904,
                195336,
                1614957027.503861,
                641459355351221
            ],
            "nRouts": 7,
            "Compiled Times": 4,
            "child_modules": {},
            "nMops": 402,
            "Compiled": "Yes",
            "end_perf": [
                7.0723459505243227,
                0.12553900000000001,
                0.055682000000000002,
                187388,
                195336,
                641459413843962,
                4294967297,
                0
            ]
        }
    },
    "stat": {
        "peak_mem_kb": 195336,
        "ru_self_end": {
            "ru_stime_sec": 0.060621000000000001,
            "ru_utime_sec": 0.161657,
            "ru_nvcsw": 50,
            "ru_maxrss_kb": 67400,
            "ru_minflt": 25268,
            "ru_majflt": 0,
            "ru_nivcsw": 37
        },
        "ru_childs_end": {
            "ru_stime_sec": 0.018600999999999999,
            "ru_utime_sec": 0.010225,
            "ru_nvcsw": 9,
            "ru_maxrss_kb": 11068,
            "ru_minflt": 4862,
            "ru_majflt": 0,
            "ru_nivcsw": 19
        },
        "cpu_cycles_end": 641459548907325
    },
    "CompUnits": {
        "qW83K_d": {
            "mod": "_vcs_unit__2466078823",
            "bytes": 10196,
            "out": "qW83K_d.o",
            "text": 1300,
            "archive": "archive.3/_13552_archive_1.a",
            "mode": 4,
            "checksum": 0
        },
        "JRBuQ_d": {
            "mod": "testfixture",
            "bytes": 43126,
            "out": "JRBuQ_d.o",
            "text": 26509,
            "archive": "archive.3/_13552_archive_1.a",
            "mode": 4,
            "checksum": 0
        }
    },
    "reusePaths": {
        "reYIK_d": {
            "icPath": "csrc"
        },
        "amcQw_d": {
            "icPath": "csrc"
        },
        "cfx32_d": {
            "icPath": "csrc"
        }
    },
    "ObjArchives": [
        {
            "archive": "archive.3/_13552_archive_1.a",
            "size": 124158,
            "objects": [
                [
                    "qW83K_d.o",
                    10196
                ],
                [
                    "JRBuQ_d.o",
                    43126
                ],
                [
                    "amcQwB.o",
                    70836
                ]
            ]
        }
    ]
}